email_id,date_received,sender,subject,body,main_recipient
1,3/3/2025,Julia Martin,Approval Request: Budget Approval Needed by EOD ,"Hi Alex,

I hope you're doing well. As we approach the deadline for finalizing the budget, I wanted to bring this to your attention. We need approval by the end of today to ensure smooth execution of next quarter's projects.

Attached, you'll find the latest budget breakdown. Let me know if you have any concerns or if you'd like to discuss any of the allocations before we move forward. Your prompt approval will help us avoid unnecessary delays.

Looking forward to your confirmation.

Best,
Julia Martin

Please prioritize this request.",Alex
2,3/3/2025,Fiona White,Are Your APIs Secure? Reddit & Discord Sound the Alarm,"Hi Alex,

A heated Discord discussion in the API Security channel highlighted growing concerns over API vulnerabilities—exposed keys, weak authentication, and insufficient rate limiting. Recent Reddit threads also pointed out that many companies don’t have proper API monitoring in place.

?? 85% of web traffic now involves APIs, but many breaches go unnoticed until customer data is leaked.
?? OWASP's latest API Security Top 10 stresses automated runtime protection and strong authentication.

Is API security a priority for Orion Tech’s development team?

Best,
Fiona White",Alex
3,3/3/2025,Samantha Lee,Approval Needed: Project Scope Adjustment for Acme Corp Integration,"Hi Alex,

We’ve encountered an unexpected API limitation with Acme Corp’s system, requiring a slight shift in our integration approach. The team has outlined an alternative solution that ensures we meet the original timeline while maintaining performance standards.

?? Original Plan: Direct API calls for real-time data sync
?? Proposed Change: Implementing a message queue-based approach (Kafka) to handle intermittent API rate limits

?? Impact on Timeline: No delay to the current delivery schedule
?? Budget Impact: Minor infra cost increase (~$500/month on AWS)

Please confirm if we can proceed with this adjustment. Let me know if you’d like to discuss further.

Best,
Samantha Lee
Engineering Lead, Orion Tech Solutions",Alex
4,3/3/2025,James Patel,Subject: Daily Update – Project Titan (March 3),"Hey Alex,

Quick update on Project Titan for today:

? Completed Today:
- Finished API integration for the reporting module. Data sync tests are successful with minor latency (~200ms).
- Resolved the UI responsiveness issue on smaller screens (tested across devices).
- Security team reviewed latest patches, no critical vulnerabilities found.
?? In Progress / Challenges:
- Load Testing: Found performance dips when concurrent users exceed 5,000. Investigating if it's DB bottleneck or caching issue.
- Client Feedback Implementation: We’re waiting on John (Acme Manufacturing) to clarify requirements before finalizing UI changes.
- Bug #3421 (Session Timeouts): Still reproducing intermittently—Tom’s team is debugging with logs.
?? Next Steps (Tomorrow):
- Start final API optimization based on today’s load testing results.
- Deploy hotfix for session timeouts (if root cause is confirmed).
- Prep for Friday’s internal review with the leadership team.
- Let me know if you need any specific details or adjustments.

Thanks,
James Patel
Engineering Manager, Orion Tech Solutions",Alex
5,3/3/2025,David Whitmore,[URGENT] Dashboard Syncing Issues – Production Metrics Missing,"Hey Alex,

We’ve got a big issue right now—live production metrics aren’t syncing properly on the Orion Analytics Dashboard. Some numbers are missing, others just look wrong. We’re seeing data gaps in yesterday’s batch reports, and my team can’t verify production outputs.

Couple of things:

This started sometime overnight. No one touched the system, but by 7 AM today, we noticed discrepancies.
Not clear if this is an API issue or data processing lag. Can your team confirm?
Production is running blind right now—we need this resolved ASAP or at least tell us how to get accurate numbers another way.
Need an update in the next 24 hours, or I’ll have to escalate further. If you need someone from our IT side, let me know.

Thanks,
David Whitmore
VP, IT Operations
Acme Manufacturing",Alex
6,3/3/2025,Lisa Taylor,Quick Check-In – Frontend Updates,"Hi Alex,

Progress today:

1. Wrapped up UI tweaks for the analytics dashboard.
2. Fixed an annoying layout shift issue on mobile—final testing happening overnight.
3. Minor CSS refactoring, which should improve loading speed.
4. Not urgent, but I need to confirm: Are we good to push the new UI live tomorrow, or should we wait for the full API integration to be done first?

Best
Lisa T.",Alex
7,3/3/2025,Nathan Cole,Approval Request: Additional AWS Resources for Project Orion,"Hi Alex,

As we scale up Project Orion, our AWS usage has hit 90% of allocated capacity. To avoid slowdowns, we need to provision additional EC2 instances and storage.

?? Current Issue: Performance bottlenecks due to increased data processing
?? Proposed Solution: Increase AWS instance count by 20%, adding $1,200/month in costs
?? Impact on Delivery: Ensures we stay on track for Q2 deadlines

Please approve by March 7 to avoid service degradation.

Best,
Nathan Cole
Cloud Architect, Orion Tech Solutions",Alex
8,3/3/2025,David Kurien,Blocking Issue Alert – Client Data Sync Failing,"Hi Alex,

We’ve got a major problem—client transaction data isn’t syncing for 20% of requests.

* Logs show timeouts between our service and the database.
* Issue started after last night’s deployment, so likely a code or infra change.
* Clients have already noticed missing data, and we need an action plan ASAP.
I can jump on a war room call if needed. Should we roll back now or wait until we isolate the root cause?

- David K.",Alex
9,3/3/2025,Mark Swarlos,Daily Update – API Migration (March 3),"CC: Tom Richardson (QA Lead), Orion Dev Team

Hey Alex,

Here’s today’s progress on the API migration:

? Refactored the authentication service—significantly improved response time (down from 700ms to 320ms).
? Merged branch #418 into the main repo after peer review.

? Issue: Hit a weird bug during load testing—random 401 errors on valid sessions. I suspect a token expiry issue, but it’s inconsistent. Need your input on whether we roll back changes or push forward.

?? Tomorrow: Finishing API rate-limiting logic and deploying fixes for session timeouts.

Let me know if you want to hop on a quick call to discuss the 401 issue.

— Mark S.",Alex
10,3/3/2025,Tanya Patel,URGENT: Approval Needed for 2-Week Extension on Acme Corp Deployment,"CC: John Spencer (PM), Lisa Tan (QA Lead)

Hi Alex,

Our team missed the February 15 deployment deadline for Acme Corp’s portal due to unexpected internal team PTO conflicts. We need two more weeks to complete testing.

?? Original Deadline: February 15, 2025
?? New Proposed Deadline: March 1, 2025
?? Reason for Delay: Key engineers were unavailable

We understand this is not ideal, but pushing now will help avoid rushed, low-quality delivery. Let us know how you’d like to proceed.

Best,
Tanya Patel
Project Manager, Orion Tech Solutions",Alex
11,3/3/2025,David Whitmore,System Crashing During Shift Changes – URGENT,"CC: Michael Reynolds (Client Success Manager), Orion Tech Support

Hey Alex,

Something’s seriously wrong—the Orion Manufacturing System keeps crashing during shift changes (seems like at 6 AM and 6 PM every day?). Operators can’t log in, and we’re losing time restarting workstations.

Not sure if this is server load issue or authentication failing, but either way, it’s blocking operations. Need someone from your team on this ASAP.

Also, let’s jump on a call—sending an invite for 3 PM EST.

Thanks,
David",Alex
12,3/3/2025,Emily Johnson,Update – Bug Fixes & Refactoring,"Hey Alex,

Not a lot of new things today, but here’s what’s done:

- Fixed 3 UI bugs related to dark mode (finally!).
- Backend refactor in progress—should reduce API call times by ~15%.
- Still testing the new role-based access controls (RBAC)—ETA tomorrow.
- No blockers from my side. Let me know if you need anything.

Best
Emily",Alex
13,3/3/2025,Jake Domang,"""10X Your Dev Team's Productivity with AI – Free Trial Ends Soon!""","Hi Alex,

Are your developers spending too much time debugging and fixing code instead of innovating? Our AI-powered coding assistant can write, optimize, and debug your code in seconds!

?? Limited-time offer: Get 3 months FREE if you sign up today!

?? Claim Your Free Trial Now

Best,
Jake from DevBoost AI",Alex
14,3/3/2025,Bob Smith,?? Security Risk – Critical Patch Delayed,"Hi Alex,

We have a high-risk delay—the security patch rollout was supposed to happen today, but infra team found dependency conflicts.

a. Impact: Without the patch, we’re still exposed to a known vulnerability (CVE-2025-1243).
b. Current Status: Infra team is testing a manual workaround, but they aren’t confident yet.
c. Risk: If we delay beyond tomorrow, Sentinel Cyber Inc. will breach their compliance SLA.

How do you want to handle this? Should we push the patch with risks or delay further?

Best,
Bob Smith

Let me know if you have any questions.",Alex
15,3/3/2025,George Harris,Supply Chain Attacks Are Increasing – Are You Prepared?,"Hi Alex,

The SolarWinds breach and Log4Shell incident highlighted how vulnerable software supply chains can be. AWS re:Invent speakers emphasized:

?? Software Bill of Materials (SBOM) as a must-have
?? Dependency tracking & automated package scanning
?? Zero-trust architecture as the new security standard

Reddit security discussions suggest many companies still aren’t implementing these safeguards. How does Orion Tech handle supply chain security?

Best,
George ",Alex
16,3/3/2025,Anna Karvos,"""Revolutionary Cloud Hosting at 90% Off – ACT FAST! ??""","Hey Alex,

Tired of slow, expensive cloud hosting? With QuantumCloud, you can host your applications at 1/10th the cost with unmatched speed and security.

?? 90% OFF your first 3 months!
?? Free migration included!
?? Uptime guarantee of 99.999%

Hurry, this deal expires in 24 hours!

?? Secure Your Spot Now

Best,
Anna K. (QuantumCloud)",Alex
17,3/3/2025,James Wildkorn,"""Alex, This Rolex Would Look GREAT on Your Wrist ?""","Hey Alex,

You've worked hard—it's time to reward yourself. Our luxury timepieces are designed for executives like YOU.

?? Exclusive Offer: 50% OFF on Rolex Submariner (TODAY ONLY!)

?? Browse Luxury Watches

Stay classy,
James, Prestige Timepieces",Alex
18,3/4/2025,Mark Davidson,Is Your Cybersecurity Strategy Up to Date?,"Alex,

75% of companies experience a cyberattack due to outdated security measures. Are you next?

Join our free webinar on March 10 and learn how to fortify your defenses against the latest threats.

?? Register Now

Best,
Mark Davidson, CyberShield Solutions",Daniel
19,3/3/2025,David Whitmore,URGENT: Production Halt – Machine Control System Unresponsive,"CC: Michael Reynolds (Client Success Manager)

Alex,

We have a critical issue—the Orion Machine Control System is not responding. Line operators are unable to send commands to machinery, and production is effectively at a standstill.

Started: March 5, 2025, 7:45 AM
Systems Affected: Orion Control Module (all units)
Impact: Full production stop

This needs immediate attention. Can someone call me right now? (Adding a Zoom invite)

David Whitmore (VP, IT Operations)
ACME MANUFACTURING",Alex
20,3/4/2025,Kevin Tran,Follow-up: Approval for Vendor API Licensing Fee,"Hi Alex,

Just checking in on the API licensing request for SecurePay integration. We submitted this on February 20, but haven’t received approval yet.

?? Amount: $5,000/year
?? Reason: Required for payment gateway compliance
?? Deadline: March 6, 2025 (before contract expires)

Could you confirm if this is approved, or if you need more details?

Best,
Kevin Tran
Software Engineer, Orion Tech Solutions",Alex
21,3/4/2025,Daniel Wong,Approval Request: Hiring a Senior Backend Developer,"CC: Olivia Chen (HR), Daniel Wong (DevOps)

Hi Alex,

The team is stretched thin with the increased workload from multiple client projects. We’re requesting approval to hire a Senior Backend Developer to support Acme Corp and MedTech clients.

1. Role: Senior Backend Developer (Node.js, AWS)
2. Salary Expectation: $120K/year
3. Justification: Current team at full capacity; backlog growing

Please approve by March 10 to start recruitment. Let me know if you need additional details.

Best,
Daniel Wong
Engineering Manager, Orion Tech Solutions",Alex
22,3/3/2025,Lisa Taylor,EBR Meeting Invite – Sentinel Cyber Inc. (Microsoft Teams),"?? Date: March 14, 2025
? Time: 2:00 PM – 3:30 PM EST
?? Platform: Microsoft Teams

?? Join Microsoft Teams Meeting
Click here to join the meeting

?? Agenda:

SLA Performance Review
AI-Driven Threat Detection Enhancements
Incident Resolution Strategies",Mark Whitman
23,3/4/2025,Rachel Thompson,[URGENT] Patient Data Sync Issues – Compliance Risk,"Alex,

We just discovered that patient vitals from last 24 hours are missing in the Orion Health Monitor system.

?? Affected Clinics: 5 locations
?? Impact: Doctors relying on missing data for decisions
?? Potential Compliance Issue: This violates real-time monitoring requirements

If this doesn’t get resolved today, we’ll have to report a compliance breach. Need an ETA ASAP.

Rachel Thompson (AVP, Clinical Systems)",Alex
24,3/4/2025,Mark Davidson,RE: Scheduling Q1 Executive Business Review (EBR) – Sentinel Cyber Inc.,"Hey Alex,

Thanks for reaching out! March 14 at 2 PM EST works for us. Please send the invite.

Agenda looks solid. A couple of additional points from our side:

1. SLA Performance – Would like a deep dive into how we’re tracking against SLAs.
2. AI-Driven Threat Detection – Any upcoming enhancements in this area?
Also, should we include our CIO, Rebecca Cole, in this discussion?

Thanks,
Mark",Alex
25,3/4/2025,Jake Dawson,Will Low-Code Replace Traditional Dev?,"Hi Alex,

The Low-Code/No-Code movement is gaining traction, with Gartner predicting 65% of enterprise apps will be built using these tools by 2025. A Discord debate sparked strong opinions:

?? Pros: Faster development, business users can contribute
?? Cons: Security risks, limited customization

AWS and Azure are both investing heavily in low-code solutions. Does Orion Tech see this as an opportunity or a risk?

Best,
Jake",Alex
26,3/3/2025,Alex Carter,Scheduling Q1 Executive Business Review (EBR) – Sentinel Cyber Inc.,"Hi Mark,

Hope you're doing well! We’re reaching the end of Q1 2025, and we’d love to schedule our Quarterly Executive Business Review (EBR) with your team.

?? Proposed Dates:
    * March 12, 2025 (Wed) – 10 AM EST
    * March 14, 2025 (Fri) – 2 PM EST
?? Key Discussion Points:
1?? Security Threat Landscape – Trends & insights from our monitoring systems.
2?? Performance Review – Analysis of incident response times & system reliability.
3?? Upcoming Roadmap – Enhancements planned for Q2 & beyond.
4?? Customer Feedback & Open Issues – Addressing any operational concerns.

Let us know which date works best, or suggest an alternative. Also, if there’s anything specific you’d like to add to the agenda, happy to include it.

Looking forward to the discussion!

Best,
Alex Carter
Senior Manager, Orion Tech Solutions",Mark Davidson
27,3/3/2025,Mark Davidson,[High Priority] Authentication Failing for Multiple Users,"Alex,

We have an authentication issue—multiple engineers cannot log in to Orion’s security monitoring platform. The error message is vague (""Invalid session token""), but it's happening across teams.

Any idea if this is a known issue or a misconfiguration? We need access restored ASAP.

Mark Davidson 
VP, Security Ops",Alex
28,3/4/2025,Rachel Thompson,Can Someone Explain the Repeated Downtimes?,"Hey,

We’ve had three system outages in the last week, but I’m not getting clear explanations. What's causing these? Hardware? Software updates? Something else?

Our team is getting frustrated because we don’t know how to plan around this. Can you clarify?

Rachel Thompson
AVP, Clinical Systems, Valve healthcare",Emily
29,3/3/2025,Yelen Carter,Review Needed: Weekly Team Status Update ,"Hi Alex,

Here's the weekly status update for our team's progress. We've made steady progress on key deliverables, and I've highlighted the blockers that need immediate attention in the attached report.

Please go through the details and let me know if you have any questions or require further clarifications.

Thanks,
Yelen Carter

Please prioritize this request.",Alex
30,3/3/2025,Liam Ross,Approval Needed: Purchase of Design Tool for Engineering Team,"Hi Sarah,

The engineering team is requesting 20 licenses for Adobe Creative Cloud for UI/UX work.

?? Cost: $15,000/year
?? Justification: Occasional use for internal mockups
?? Concern: We already have Figma licenses for design

Please let us know if this is approved, or if we should explore a more cost-effective option.

Best,
Liam Ross
Tech Lead, Orion Tech Solutions",Sarah
31,3/3/2025,Mark Davidson,Security Patch Caused System Instability?,"Alex,

After the latest security patch, our SOC team noticed that some automated threat detection rules are failing.

?? Before Patch: 98% detection accuracy
?? After Patch: 63% accuracy (big drop!)

Can someone look into this? Not sure if it’s a config issue or something deeper.

Mark",Alex
32,3/3/2025,Ethan Brown,Update: Employee Engagement Survey Reminder (33),"Hi Daniel,

This is a gentle reminder to complete the Employee Engagement Survey before the deadline. Your feedback is essential in shaping company policies and improving workplace culture.

Please take a few minutes to fill out the survey. Let me know if you have any questions.

Best,
Ethan Brown

Awaiting your response at the earliest.",Daniel
33,3/3/2025,Ethan Brown,EBR Meeting Invite – Acme Manufacturing (Google Meet),"?? Date: March 18, 2025
? Time: 3:00 PM – 4:30 PM CST
?? Platform: Google Meet

?? Join Google Meet
meet.google.com/acme-ebr-2025

?? Agenda:

ERP System Performance & Latency Fixes
Supply Chain Data Sync Optimization
Security & Compliance Updates",Alex
34,3/3/2025,Rachel Lim,URGENT: Approval for Security Audit Vendor – Time-Sensitive,"Hi Alex,

We still need approval for the security audit contract with CyberShield. This was first sent on February 19, and the vendor is following up.

?? Contract Amount: $25,000
?? Purpose: Compliance requirement for MedTech client
?? Risk: Delay may impact compliance certification renewal

Can you confirm approval ASAP? Vendor needs confirmation by March 7.

Best,
Rachel Lim
Compliance Officer, Orion Tech Solutions",Alex
35,3/3/2025,Sarah Lin,[Project Nexus] Weekly Update – Finalizing ML & ERP Testing,"CC: Alex Carter, Orion Tech Solutions Team

Hey John,

Following up on our last discussion. Here’s the latest:

? Completed This Week
  - ERP API Authentication finalized – working with 30-minute token expiry.
  - ML Model Accuracy at 91% ?? – added anomaly detection to improve precision.
  - Alerting system tuned – now triggering only for high-severity incidents to reduce noise.
?? Final Review Items
  - ERP Integration Testing: Can your team do a full test run tomorrow?
  - Historical Trends UI: We adjusted based on feedback—can your ops team validate?
  - Final Sign-Off: Once ERP tests are good, we can close out Phase 2.

Let us know if you need adjustments. Excited to wrap this up soon!

Best,
Sarah
",John Mitchell
36,3/3/2025,David Whitmore,URGENT: Critical System Downtime – Immediate Attention Required,"Hi Alex,

We’re experiencing a major outage with the Orion Analytics Dashboard, and our team is unable to access real-time production data. This issue is impacting multiple manufacturing lines, causing delays in operations.

Issue Details:
?? Impact: Dashboard is completely inaccessible (error 500)
?? Start Time: March 5, 2025, 08:15 AM EST
?? Affected Users: Entire production team (50+ users)
?? Attempted Fixes: Cleared cache, restarted local systems – no change

Urgent Request:
We need an immediate resolution or a workaround by 12 PM EST today. If this is a backend issue, please escalate to the engineering team ASAP.

Please provide a status update within the next hour. If required, we are available for a call at your earliest convenience.

Best,
David Whitmore
IT Operations Manager, Acme Manufacturing",Alex
37,3/3/2025,Bob Smith,Follow-Up: Server Downtime - Critical Fix Required ,"Hi Daniel,

We have encountered unexpected server downtime, impacting critical services. The IT team is actively working on a resolution, but we require additional input regarding recent configuration changes.

Please review the attached logs and provide any insights that could expedite the fix. Your prompt response is appreciated.

Best,
Bob Smith

Awaiting your response at the earliest.",Daniel
38,3/3/2025,Julia Martin,Escalation – Valve Healthcare (Zoom),"?? Date: March 6, 2025
? Time: 11:00 AM – 12:00 PM CST
?? Platform: Microsoft Teams

?? Join Microsoft Teams Meeting
Click here to join the meeting

?? Issue: ERP System Downtime Affecting Production
?? Attendees: Orion Tech Support, Acme IT Team
",Alex
39,3/3/2025,Kevin Tran,Approval Request: Dev Environment Upgrade for Faster Builds,"Hi Alex,

The build pipeline is taking 45+ minutes due to aging infrastructure. We’re requesting upgraded cloud servers to speed up development.

?? Proposed Upgrade: Move to high-performance AWS instances
?? Cost Increase: $750/month
?? Expected Improvement: 60% faster build times

Please approve so we can deploy by March 10.

Best,
Kevin Tran
Software Engineer, Orion Tech Solutions",Alex
40,3/3/2025,John Mitchell,RE: [Project Nexus] Weekly Update – ML Model & ERP Integration,"Hey Sarah,

This is great progress! Some quick responses:

1. ERP Authentication – I’ll confirm with IT, but I believe the OAuth session lasts 30 minutes. Let me get back to you.
3. ML Training Data – If the missing entries are under 5%, let’s try reconstructing them. Otherwise, filter them out.
3. Alerting System Call – Let’s do a 30-minute sync Friday at 2 PM EST. I’ll send an invite.
4. Also, ML model at 88% is good progress! Let’s push for 90% by next update. Let me know if you need anything from us.

Thanks,
John",Sarah Lin
41,3/3/2025,Daniel Goodpacker,RE: Scheduling Q1 Executive Business Review (EBR) – Acme Manufacturing,"Hey Alex,

Thanks for reaching out. Let’s go with March 18 at 3 PM CST.

Agenda looks good, but can we also discuss:

* Supply Chain Visibility Enhancements – We’re facing delays in data sync across some suppliers.
* System Latency Issue – Seeing slow processing times in ERP transactions.
Also, can we invite our CIO, Samantha Brooks? She’d like to join this discussion.

Best,
Daniel",Alex
42,3/3/2025,Sarah Mitchell,URGENT: Overdue Invoice Approval for Cloud Services,"Hi Alex,

The invoice from CloudOps Solutions for $8,500 is now overdue by 15 days.

?? Service Provided: Cloud security monitoring
?? Original Due Date: February 20, 2025
?? Risk: Late fees + potential service disruption

Can we get this approved ASAP to avoid penalties?

Best,
Sarah Mitchell
Finance Lead, Orion Tech Solutions",Alex
43,3/3/2025,Mark Davidson,Firewall Logs Disappeared – What’s Going On?,"Hey Alex,

We noticed that firewall logs from February 20-24 are missing from Orion's dashboard. We need these for audit compliance, so this is a major concern.

Can you urgently check if this is a storage issue or data corruption?

Mark Davidson

VP, Security Ops, SENTINEL CYBER INC",Daniel
44,3/3/2025,Rachel Thompson,URGENT: Medication Alerts Not Firing – This is Dangerous,"Alex,

We have a serious issue—the automated medication alerts are not firing for ICU patients. This is a patient safety risk.

This needs to be fixed immediately. Sending an invite for an emergency call in 30 mins.

Rachel Thompson
AVP, Clinical Systems, Valve healthcare",Alex
45,3/3/2025,Sarah Kaur,"Alex, You’ve Been Chosen for Our CEO Mastermind Event ??","Dear Alex,

As a senior leader in tech, you've been handpicked to join an elite mastermind group of CEOs and tech visionaries.

?? VIP networking event in Miami
?? Exclusive access to multi-million-dollar business insights
?? Only 15 spots available

?? Apply Now

Best,
Sarah from Executive Circles",Alex
46,3/3/2025,Julia Martin,Follow-Up: Q1 Executive Business Review – Valve Healthcare,"CC: Alex Carter, Orion Leadership Team

Hi Rachel,

Great discussion today! Here’s a summary of key takeaways & next steps:

?? Key Highlights from Today’s EBR
? EHR System Performance – 99.8% uptime, but some reports show slow load times on large patient records.
? FHIR Integration Issues – Found vendor-side API inconsistencies; working on a solution.
? Mobile EHR Usability – Need UI/UX tweaks based on physician feedback.

?? Action Items & Next Steps
?? Orion to deliver a fix for large record load times by April 5.
?? EHR UI/UX team to schedule a usability workshop with physicians.
?? FHIR API vendor call scheduled for March 27 to address inconsistencies.

Let us know if we missed anything! Looking forward to continued success.

Best,
Julia",Rachel
47,3/3/2025,Olivia Chen,Approval Request: Travel Budget for AWS Summit 2025,"CC: Olivia Chen (HR), Daniel Wong (DevOps)

Hi Alex,

The AWS Summit 2025 in Chicago is a great networking and learning opportunity for the DevOps team. We’re requesting approval for 2 team members to attend.

?? Estimated Cost: $3,500 (flights + hotels)
?? Justification: Hands-on training for AWS cost optimization
?? ROI: Can reduce cloud expenses by 15-20%

Please confirm if we can proceed.

Best,
Olivia Chen
HR Manager, Orion Tech Solutions",Alex
48,2/26/2025,Sarah Lin,RE: [Project Nexus] Weekly Update – ML Model & ERP Integration,"Hi John,

Appreciate the feedback! Here’s where we are this week:

? Updates
  - Added historical trend comparisons to the dashboard—your team should see it live now.
  - ML Model Accuracy now at 88% – we retrained with additional datasets, but noise in older logs is slowing progress.
  - Received ERP API docs – integration work has started, but we’ll need some clarifications (details below).
?? Questions / Challenges
  - ERP API Authentication: The docs mention an OAuth flow, but we need to confirm if token expiry aligns with your session lengths.
  - Machine Learning Training Data: Some logs contain incomplete entries—do you want us to filter these out or attempt reconstruction?
  - Alerting System Use Cases: Can we set up a quick call this week to go over the escalation paths?

Please let us know when your team can review these items. Also, do you prefer a detailed walkthrough for the ML model accuracy improvements?

Best,
Sarah",John Mitchell
49,3/3/2025,LuckyDraw,You Won a Free iPhone 15 Pro! ?? Click to Claim,"CONGRATULATIONS ALEX!

You've been randomly selected to receive a FREE iPhone 15 Pro! ????

?? Click below to claim your prize!

?? Claim Your iPhone Now

(Note: Shipping fee may apply)

Best,
LuckyDraw Rewards",Michael
50,3/3/2025,Helen Paul,Daily Stand-up – Frontend Team (Microsoft Teams),"?? Date: March 4, 2025
? Time: 11:00 AM – 11:15 AM EST
?? Platform: Microsoft Teams

?? Join Microsoft Teams Meeting
Click here to join the meeting

?? Risk Item: UI Bugs Reported in Valve Healthcare’s Mobile Dashboard",Alex
51,3/3/2025,Mark Davidson,RE: [Security AI Module] Weekly Update – Phase 1 Progress,"Hey Nathan,

Thanks for the update. A few things:
    1. False Positives – At 23%, it’s still too noisy. Can you share an updated confusion matrix so we can analyze misclassifications?
    2. Log Parsing – What percentage of logs are being rejected? If it's over 10%, we may need to modify our data formatting.
    3. Compliance Review – Our AWS team is reviewing this Monday—expect an answer by Mar 12.
I’ll loop in our SOC team for the Wednesday session. Let’s aim to cut false positives down to under 10% before production.

Best,
Mark",Nathan Cole
52,3/3/2025,John Mitchell,RE: [Project Nexus] Weekly Update – Phase 2 Progress,"CC: Alex Carter, , Orion Tech Team

Hey Sarah,

Thanks for the update! The progress looks good overall. A few things:

1. Production Analytics Dashboard – We had a few folks test it, and they love the real-time visibility. One concern: Can we add historical trend comparisons?
2. ML Model – If we’re still at 82%, do we need to collect more training data? What's the biggest blocker?
3. ERP Integration – I’ll push my IT team on this. Expect the API docs by Monday, Mar 16.
Also, let’s discuss the alerting system in detail next week—want to ensure it aligns with our operational flow.

Let me know if we should hop on a quick call.

Best,
John",Sarah Lin
53,3/4/2025,Max Jeremy,Automate Your Software Development in 2025 – AI to the Rescue!,"Hey Alex,

What if you could eliminate 80% of manual coding and speed up development by 5X? Our AI-powered dev automation platform can make that happen.

?? Try it for FREE for 14 days!

?? Get Started Now

Cheers,
Max, CodeAutomation.io",Alex
54,3/3/2025,"Dev Team, Orion",Must-Read: Top 5 Dev Tools of 2025!,"Hey Alex,

Don't get left behind! These are the top 5 must-have dev tools that are changing the game in 2025:

1?? AutoBugFixer
2?? AI Code Genius
3?? Zero-Config DevOps
4?? Cloud Infinity
5?? Serverless Magic

Read the full review here: ?? Check it out

Best,
The Dev Insider Team",Alex
55,3/3/2025,Alex,? [EHR Integration] Go-Live Confirmed!,"Ian,

Great news! Encounter Notes now sync in under 2 minutes ??, and audit logs are fully compliant per the latest standards.

We’re ready to go live on Mar 22 as planned. Let us know if your team needs final testing before deployment.

Thanks,
Alex",Ian Adams
56,3/3/2025,Ken Adasmo,Update: HR Policy Update - Acknowledgment Required ,"Hi Sophia,

This is regarding HR Policy Update - Acknowledgment Required. Please review the details and let me know your thoughts.

Please prioritize this request.
Best,
Ken Adasmo",Sophia
57,3/3/2025,Alice Johnson,Pending Approval – Invoice Dispute (Microsoft Teams),"?? Date: March 5, 2025
? Time: 4:00 PM – 4:45 PM EST
?? Platform: Microsoft Teams

?? Join Microsoft Teams Meeting
Click here to join the meeting

?? Topic: Invoice Approval Discussion – Unresolved for 14 Days
?? Attendees: Alex Carter, Finance Team, Project Manager",Alex
58,3/3/2025,Mark Davidson,RE: [Security AI Module] Progress Update & Final Testing,"Nathan,

Looks solid! 9.8% false positives is acceptable, and AWS clearance is great news.

? Alerting: Let’s do Slack for high-risk alerts, email for standard incidents.
? SOC team will run validation tomorrow—expect feedback by EOD Mar 5.

Let’s stick to the Mar 18 go-live!

Best,
Mark",Nathan Cole
59,3/3/2025,Jessica Hector,Get Featured in Forbes 2025!,"Hey Alex,

We’re selecting top tech leaders to be featured in Forbes 2025. Could you be next?

?? Apply now and showcase your expertise to millions!

?? Apply Here

Best,
Jessica, Media Outreach",Alex
60,3/3/2025,Nathan Ellis,Urgent: Performance Degradation in Production System,"CC: Emma Brooks (Lead Developer), Derek Chan (DevOps Engineer)

Hi Alex,

We've observed a critical slowdown in the production environment since early this morning. Some key details:
   * Issue: Database response time has increased by 40%, impacting client-side API calls.
   * Affected Clients: Acme Manufacturing & Valve Healthcare (reports of delayed data processing).
   * Initial Findings: Likely due to high CPU utilization on our primary DB cluster.
Action Needed
   1. Approve an emergency scale-up of the database instance.
   2. Client communication: Do we send a proactive update, or wait until we resolve?
If needed, we can hop on a quick Google Meet to discuss next steps.

    ?? Join Meeting: meet.google.com/orion-prod-issue
    ?? Time: March 4, 2025, 2:30 PM EST

Let me know how you’d like to proceed.
  
Thanks,
Nathan
Site Reliability Engineer, Orion Tech Solutions",Alex
